TDSFU Daily run: Tue Jun 24 16:51:03 UTC 2025 TDSFU
TDSFU Daily run: Wed Jun 25 04:44:33 UTC 2025 TDSFU
TDSFU Daily run: Thu Jun 26 04:44:31 UTC 2025 TDSFU
TDSFU Daily run: Fri Jun 27 04:43:47 UTC 2025 TDSFU
TDSFU Daily run: Sat Jun 28 04:42:28 UTC 2025 TDSFU
TDSFU Daily run: Sun Jun 29 04:50:56 UTC 2025 TDSFU
TDSFU Daily run: Mon Jun 30 04:47:37 UTC 2025 TDSFU
TDSFU Daily run: Tue Jul  1 04:51:11 UTC 2025 TDSFU
TDSFU Daily run: Wed Jul  2 04:44:34 UTC 2025 TDSFU
TDSFU Daily run: Thu Jul  3 04:47:59 UTC 2025 TDSFU
TDSFU Daily run: Fri Jul  4 04:45:49 UTC 2025 TDSFU
TDSFU Daily run: Sat Jul  5 04:42:57 UTC 2025 TDSFU
TDSFU Daily run: Sun Jul  6 04:46:43 UTC 2025 TDSFU
TDSFU Daily run: Mon Jul  7 04:48:37 UTC 2025 TDSFU
TDSFU Daily run: Tue Jul  8 04:44:25 UTC 2025 TDSFU
TDSFU Daily run: Wed Jul  9 04:48:59 UTC 2025 TDSFU
TDSFU Daily run: Thu Jul 10 04:46:27 UTC 2025 TDSFU
TDSFU Daily run: Fri Jul 11 04:50:39 UTC 2025 TDSFU
TDSFU Daily run: Sat Jul 12 04:45:04 UTC 2025 TDSFU
TDSFU Daily run: Sun Jul 13 04:50:08 UTC 2025 TDSFU
TDSFU Daily run: Mon Jul 14 04:53:51 UTC 2025 TDSFU
TDSFU Daily run: Tue Jul 15 04:52:49 UTC 2025 TDSFU
